{
    "cart": [
        0.070059925,
        -0.35693141,
        0.230572741,
        -1.53232142,
        -2.73160644,
        0.056278602
    ],
    "jointRef": [
        0,
        0,
        1.3,
        0,
        1.3,
        0
    ]
}