{
    "index": 1,
    "name": "sucker",
    "position": [
        0,
        0,
        0,
        0,
        0
    ],
    "mass": 2.042,
    "centerOfMass": [
        -0.035310,
        -0.000020,
        0.001640
    ],
    "inertia": [
        0,
        0,
        0,
        0,
        0,
        0,
        0,
        0,
        0
    ]
}