{
    "code":0,
    "data":null,
    "message":{
        "CartInfo":[
            0.4793556074954727,
            0.09273872539888056,
            0.1927209860196819,
            0.03882131997022377,
            -3.0741481992029,
            1.999227320832069
        ],
        "JointInfo":[
            0.43104860139586515,
            -0.7664630880469849,
            0.9505887194928833,
            0.18498849563908404,
            1.5033011721279284,
            0
        ],
        "STATUS":"SUCCESS"
    }
}