{
    "index": 1,
    "name": "tool-1",
    "position": [],
    "mass": 2.042,
    "centerOfMass": [
        -0.035310,
        -0.000020,
        0.001640
    ],
    "inertia": [
        1.0,
        2.0,
        3.0,
        4.0,
        5.0,
        6.0,
        7.0,
        8.0,
        9.0
    ]
}